SEASON,WEEKENDING,MMWR_WEEK,MMWR_YEAR,COV_POSITIVES,COV_TOTAL_TESTS,COV_TP,COV_TP_LEVEL,FLU_POSITIVES,FLU_TOTAL_TESTS,FLU_TP,FLU_TP_LEVEL,RSV_POSITIVES,RSV_TOTAL_TESTS,RSV_TP,RSV_TP_LEVEL,FLU_A_TESTS,FLU_B_TESTS,POP,COV_ADM,FLU_ADM,RSV_ADM,COV_ADM_RATE,FLU_ADM_RATE,RSV_ADM_RATE,COV_ADM_LEVEL,FLU_ADM_LEVEL,RSV_ADM_LEVEL,TOTAL_DEATHS,COV_DEATHS,FLU_DEATHS,RSV_DEATHS,COV_DEATHS_PER,FLU_DEATHS_PER,RSV_DEATHS_PER
2023/2024,07/08/2023,27,2023,1799,40924,4.395953475,Low,69,1545,4.466019,Low,8,1550,0.516129,Very Low,,,,,,,,,,,,,1068.0,22,1,0,2.059925,0.093633,0.0
2023/2024,07/15/2023,28,2023,2050,41354,4.95719882,Low,92,1670,5.508982,Low,11,1641,0.670323,Very Low,,,,,,,,,,,,,1013.0,16,0,0,1.579467,0.0,0.0
2023/2024,07/22/2023,29,2023,2226,41390,5.378110655,Low,46,1531,3.004572,Low,14,1518,0.922266,Very Low,,,,,,,,,,,,,1042.0,17,0,1,1.631478,0.0,0.095969
2023/2024,07/29/2023,30,2023,2577,40828,6.311844812,Low,89,1321,6.73732,Low,12,1339,0.896191,Very Low,,,,,,,,,,,,,1003.0,31,0,0,3.090728,0.0,0.0
2023/2024,08/05/2023,31,2023,3126,42140,7.418130043,Low,79,1497,5.277221,Low,28,1515,1.848185,Low,,,,,,,,,,,,,1006.0,21,0,0,2.087475,0.0,0.0
2023/2024,08/12/2023,32,2023,3616,43493,8.31398156,Moderate,116,2627,4.415683,Low,39,2022,1.928783,Low,,,,,,,,,,,,,1042.0,17,0,0,1.631478,0.0,0.0
2023/2024,08/19/2023,33,2023,4135,46015,8.986200152,Moderate,118,3300,3.575758,Low,38,2422,1.568951,Low,,,,,,,,,,,,,1084.0,30,0,0,2.767528,0.0,0.0
2023/2024,08/26/2023,34,2023,4694,47417,9.899403168,Moderate,86,3720,2.311828,Low,52,2919,1.781432,Low,,,,,,,,,,,,,1050.0,28,1,0,2.666667,0.095238,0.0
2023/2024,09/02/2023,35,2023,4414,48488,9.103283287,Moderate,92,4210,2.185273,Low,66,3286,2.008521,Low,,,,,,,,,,,,,1002.0,26,0,1,2.59481,0.0,0.0998
2023/2024,09/09/2023,36,2023,3938,44291,8.891196857,Moderate,100,4456,2.244165,Low,81,3536,2.290724,Low,,,,,,,,,,,,,1044.0,18,0,0,1.724138,0.0,0.0
2023/2024,09/16/2023,37,2023,3744,47886,7.818569102,Low,155,4626,3.350627,Low,113,3792,2.979958,Low,,,,,,,,,,,,,1038.0,21,1,0,2.023121,0.096339,0.0
2023/2024,09/23/2023,38,2023,3023,48207,6.270873525,Low,114,4972,2.29284,Low,159,3935,4.040661,Moderate,,,,,,,,,,,,,1018.0,30,0,0,2.946955,0.0,0.0
2023/2024,09/30/2023,39,2023,2655,48572,5.466112163,Low,143,5613,2.547657,Low,249,4448,5.598022,Moderate,,,,,,,,,,,,,1036.0,32,2,1,3.088803,0.19305,0.096525
2023/2024,10/07/2023,40,2023,2215,45854,4.830549134,Low,165,5942,2.776843,Low,287,4591,6.251361,Moderate,,,,,,,,,,,,,1096.0,24,0,0,2.189781,0.0,0.0
2023/2024,10/14/2023,41,2023,2354,45021,5.228671065,Low,134,6039,2.21891,Low,351,4803,7.307933,High,,,,,,,,,,,,,1073.0,21,0,1,1.95713,0.0,0.093197
2023/2024,10/21/2023,42,2023,2492,43527,5.725182071,Low,1087,7004,15.519703,High,1051,5711,18.403082,Very High,,,,,,,,,,,,,1022.0,21,1,0,2.054795,0.097847,0.0
2023/2024,10/28/2023,43,2023,2344,39297,5.964831921,Low,1373,7285,18.846946,High,1030,6029,17.084094,Very High,,,,,,,,,,,,,1047.0,20,1,1,1.91022,0.095511,0.095511
2023/2024,11/04/2023,44,2023,2613,43331,6.03032471,Low,1956,11726,16.68088,High,1729,9999,17.291729,Very High,,,,,,,,,,,,,1138.0,17,0,0,1.493849,0.0,0.0
2023/2024,11/11/2023,45,2023,3018,48584,6.21192162,Low,2467,16322,15.114569,High,2656,13871,19.147862,Very High,,,,,,,,,,,,,1073.0,25,1,1,2.329916,0.093197,0.093197
2023/2024,11/18/2023,46,2023,2720,46839,5.80712654,Low,3068,19361,15.846289,High,2863,16304,17.560108,Very High,,,,,,,,,,,,,1067.0,22,0,3,2.061856,0.0,0.281162
2023/2024,11/25/2023,47,2023,2507,40070,6.256551036,Low,3080,17945,17.163555,High,2463,15526,15.863712,Very High,,,,,,,,,,,,,1098.0,24,1,2,2.185792,0.091075,0.182149
2023/2024,12/02/2023,48,2023,3815,47615,8.012181035,Moderate,3988,22341,17.850589,High,2276,19143,11.889464,Very High,,,,,,,,,,,,,1182.0,28,5,2,2.368866,0.423012,0.169205
2023/2024,12/09/2023,49,2023,3909,52620,7.428734322,Low,3664,22923,15.983946,High,2141,18472,11.590515,Very High,,,,,,,,,,,,,1089.0,30,2,6,2.754821,0.183655,0.550964
2023/2024,12/16/2023,50,2023,4088,55365,7.383726181,Low,4218,23895,17.652228,High,1988,19540,10.174002,Very High,,,,,,,,,,,,,1160.0,29,4,4,2.5,0.344828,0.344828
2023/2024,12/23/2023,51,2023,5010,55096,9.093219108,Moderate,5423,26093,20.783352,High,1839,21910,8.393428,High,,,,,,,,,,,,,1253.0,31,11,6,2.474062,0.877893,0.478851
2023/2024,12/30/2023,52,2023,4777,51275,9.316431009,Moderate,4504,24288,18.544137,High,1642,20756,7.910966,High,,,,,,,,,,,,,1206.0,34,10,7,2.819237,0.829187,0.580431
2023/2024,12/30/2023,53,2023,5028,51024,9.854186265,Moderate,4237,24297,17.438367,High,1648,20661,7.976381,High,,,,,,,,,,,,,1193.0,37,11,6,3.101425,0.880134,0.461023
2023/2024,01/06/2024,1,2024,5260,50752,10.36412358,Moderate,3951,24289,16.266623,High,1635,20544,7.958528,High,,,,,,,,,,,,,1180.0,40,11,4,3.389831,0.932203,0.338983
2023/2024,01/13/2024,2,2024,4745,52944,8.962299788,Moderate,3193,23168,13.781941,Moderate,1271,19036,6.676823,Moderate,,,8391874.0,819.0,,,9.759441097,,,Low,,,1284.0,41,12,10,3.193146,0.934579,0.778816
2023/2024,01/20/2024,3,2024,4039,48590,8.312409961,Moderate,3040,21472,14.157973,Moderate,944,17921,5.267563,Moderate,,,8391874.0,786.0,,,9.366203544,,,Low,,,1192.0,46,8,10,3.85906,0.671141,0.838926
2023/2024,01/27/2024,4,2024,3036,52455,5.78781813,Low,2287,21174,10.800982,Moderate,860,17548,4.900843,Moderate,,,8391874.0,684.0,,,8.150742015,,,Low,,,1192.0,25,4,6,2.097315,0.33557,0.503356
2023/2024,02/03/2024,5,2024,2622,51507,5.090570214,Low,1794,20311,8.832652,Low,688,17058,4.033298,Moderate,,,8391874.0,624.0,,,7.435764646,,,Low,,,1131.0,31,7,4,2.740937,0.618921,0.353669
2023/2024,02/10/2024,6,2024,2184,52598,4.152249135,Low,1390,19526,7.118714,Low,607,16566,3.664131,Low,,,8391874.0,554.0,,,6.601624381,,,Low,,,1142.0,40,5,9,3.502627,0.437828,0.788091
2023/2024,02/17/2024,7,2024,2116,51286,4.125882307,Low,1446,20392,7.091016,Low,480,17053,2.814754,Low,,,8391874.0,520.0,,,6.196470538,,,Low,,,1104.0,20,7,3,1.811594,0.634058,0.271739
2023/2024,02/24/2024,8,2024,1730,51264,3.37468789,Low,1219,20044,6.08162,Low,447,16790,2.662299,Low,,,8391874.0,517.0,,,6.16072167,,,Low,,,1151.0,22,1,1,1.911381,0.086881,0.086881
2023/2024,03/02/2024,9,2024,1435,53177,2.698535081,Very Low,1227,21218,5.782826,Low,376,17748,2.118549,Low,,,8391874.0,429.0,,,5.112088194,,,Low,,,1089.0,17,2,3,1.561065,0.183655,0.275482
2023/2024,03/09/2024,10,2024,1301,54373,2.392731687,Very Low,1256,20427,6.148725,Low,231,17074,1.352934,Low,,,8391874.0,357.0,,,4.25411535,,,Low,,,1115.0,14,2,2,1.255605,0.179372,0.179372
2023/2024,03/16/2024,11,2024,1067,55638,1.917754053,Very Low,1157,20444,5.659362,Low,219,17183,1.274516,Low,,,8391874.0,362.0,,,4.313696798,,,Low,,,1175.0,16,1,2,1.361702,0.085106,0.170213
2023/2024,03/23/2024,12,2024,1029,54578,1.88537506,Very Low,1218,19910,6.117529,Low,151,16558,0.911946,Very Low,,,8391874.0,324.0,,,3.860877797,,,Low,,,1123.0,12,4,1,1.068566,0.356189,0.089047
2023/2024,03/30/2024,13,2024,954,53666,1.777661834,Very Low,987,18595,5.307878,Low,147,15461,0.950779,Very Low,,,8391874.0,309.0,,,3.682133454,,,Low,,,1072.0,10,3,1,0.932836,0.279851,0.093284
2023/2024,04/06/2024,14,2024,808,52607,1.535917273,Very Low,834,16757,4.977025,Low,89,13883,0.641072,Very Low,,,8391874.0,264.0,,,3.145900427,,,Low,,,1117.0,9,0,2,0.80573,0.0,0.179051
2023/2024,04/13/2024,15,2024,804,50644,1.587552326,Very Low,825,16078,5.131235,Low,81,13492,0.600356,Very Low,,,8391874.0,260.0,,,3.098235269,,,Low,,,1124.0,7,1,1,0.622776,0.088968,0.088968
2023/2024,04/20/2024,16,2024,833,46754,1.78166574,Very Low,867,15733,5.51071,Low,52,12868,0.404103,Very Low,,,8391874.0,240.0,,,2.859909479,,,Very Low,,,1073.0,5,1,0,0.465983,0.093197,0.0
2023/2024,04/27/2024,17,2024,875,47431,1.844785056,Very Low,760,15119,5.026787,Low,47,12447,0.377601,Very Low,,,8391874.0,245.0,,,2.919490927,,,Very Low,,,1040.0,10,1,1,0.961538,0.096154,0.096154
2023/2024,05/04/2024,18,2024,991,45119,2.196413928,Very Low,466,11869,3.926194,Low,27,9237,0.292303,Very Low,,,8391874.0,244.0,,,2.907574637,,,Very Low,,,1040.0,14,2,0,1.346154,0.192308,0.0
2023/2024,05/11/2024,19,2024,1145,42546,2.691204814,Very Low,411,9128,4.502629,Low,20,6655,0.300526,Very Low,,,8391874.0,282.0,,,3.360393638,,,Low,,,1130.0,12,6,0,1.061947,0.530973,0.0
2023/2024,05/18/2024,20,2024,1302,38503,3.381554684,Low,449,8753,5.12967,Low,12,6294,0.190658,Very Low,,,8391874.0,308.0,,,3.670217165,,,Low,,,1048.0,15,1,0,1.431298,0.09542,0.0
2023/2024,05/25/2024,21,2024,1481,38946,3.802701176,Low,414,8780,4.715262,Low,32,6321,0.506249,Very Low,,,8391874.0,272.0,,,3.241230743,,,Low,,,1074.0,16,0,1,1.489758,0.0,0.09311
2023/2024,06/01/2024,22,2024,1796,43083,4.16869763,Low,465,8721,5.331957,Low,27,6208,0.434923,Very Low,,,8391874.0,337.0,,,4.01578956,,,Low,,,1054.0,13,1,0,1.233397,0.094877,0.0
2023/2024,06/08/2024,23,2024,2176,44151,4.92854069,Low,502,8501,5.905188,Low,35,6229,0.561888,Very Low,,,8391874.0,373.0,,,4.444775982,,,Low,,,1085.0,15,5,0,1.382488,0.460829,0.0
2023/2024,06/15/2024,24,2024,2847,46015,6.187112898,Low,443,8210,5.395859,Low,24,6054,0.396432,Very Low,,,8391874.0,406.0,,,4.838013535,,,Low,,,1063.0,15,1,0,1.411101,0.094073,0.0
2023/2024,06/22/2024,25,2024,3646,47245,7.717218753,Low,378,8506,4.443922,Low,26,6065,0.428689,Very Low,,,8391874.0,479.0,,,5.707902669,,,Low,,,1056.0,21,4,0,1.988636,0.378788,0.0
2023/2024,06/29/2024,26,2024,3462,41196,8.403728517,Moderate,391,8220,4.756691,Low,30,5844,0.513347,Very Low,,,8391874.0,558.0,,,6.649289539,,,Low,,,1102.0,23,1,0,2.087114,0.090744,0.0
2024/2025,07/06/2024,27,2024,3654,36611,9.980606921,Moderate,372,8181,4.547121,Low,27,5738,0.470547,Very Low,,,8391953.0,635.0,,,7.566772598,,,Low,,,1085.0,20,2,0,1.843318,0.184332,0.0
2024/2025,07/13/2024,28,2024,4326,47451,9.116773092,Moderate,279,8190,3.406593,Low,35,5854,0.597882,Very Low,,,8391953.0,653.0,,,7.781263789,,,Low,,,1051.0,22,2,0,2.093245,0.190295,0.0
2024/2025,07/20/2024,29,2024,4177,46064,9.067818687,Moderate,229,7835,2.922782,Low,23,5610,0.409982,Very Low,,,8391953.0,625.0,,,7.447610824,,,Low,,,1074.0,29,0,0,2.700186,0.0,0.0
2024/2025,07/27/2024,30,2024,4032,48406,8.329545924,Moderate,224,8047,2.783646,Low,27,5829,0.463201,Very Low,,,8391953.0,726.0,,,8.651144734,,,Low,,,996.0,25,1,1,2.51004,0.100402,0.100402
2024/2025,08/03/2024,31,2024,4151,48645,8.533251105,Moderate,155,7726,2.006213,Low,28,5545,0.504959,Very Low,,,8391953.0,720.0,,,8.57964767,,,Low,,,1059.0,29,1,0,2.738432,0.094429,0.0
2024/2025,08/10/2024,32,2024,3624,39759,9.114917377,Moderate,165,7355,2.243372,Low,25,5287,0.472858,Very Low,,,8391953.0,743.0,,,8.853719748,,,Low,,,1030.0,24,0,0,2.330097,0.0,0.0
2024/2025,08/17/2024,33,2024,3627,37307,9.722036079,Moderate,168,7560,2.222222,Low,23,5459,0.421323,Very Low,,,8391953.0,704.0,,,8.388988833,,,Low,,,1006.0,31,1,0,3.081511,0.099404,0.0
2024/2025,08/24/2024,34,2024,3238,38839,8.33698087,Moderate,181,7551,2.397034,Low,9,5254,0.171298,Very Low,,,8391953.0,702.0,,,8.365156478,,,Low,,,1045.0,35,1,0,3.349282,0.095694,0.0
2024/2025,08/31/2024,35,2024,2749,35495,7.744752782,Low,183,7931,2.307401,Low,19,5586,0.340136,Very Low,,,8391953.0,637.0,,,7.590604952,,,Low,,,1057.0,30,0,0,2.838221,0.0,0.0
2024/2025,09/07/2024,36,2024,2210,28512,7.751122334,Low,130,7512,1.730564,Very Low,11,5372,0.204765,Very Low,,,8391953.0,592.0,,,7.054376973,,,Low,,,1026.0,28,1,0,2.729045,0.097466,0.0
2024/2025,09/14/2024,37,2024,1964,29237,6.717515477,Low,158,7535,2.096881,Low,28,5424,0.516224,Very Low,,,8391953.0,550.0,,,6.553897525,,,Low,,,983.0,18,1,0,1.831129,0.101729,0.0
2024/2025,09/21/2024,38,2024,1413,28871,4.894184476,Low,140,7825,1.789137,Very Low,29,5471,0.530068,Very Low,,,8391953.0,453.0,,,5.398028325,,,Low,,,1068.0,26,0,0,2.434457,0.0,0.0
2024/2025,09/28/2024,39,2024,1204,28329,4.250061774,Low,180,7613,2.364377,Low,44,5412,0.813008,Very Low,,,8391953.0,434.0,,,5.171620956,,,Low,,,1008.0,13,0,0,1.289683,0.0,0.0
2024/2025,10/05/2024,40,2024,1053,27856,3.780155083,Low,217,10323,2.102102,Low,80,8132,0.983768,Very Low,,,8391953.0,376.0,,,4.480482672,,,Low,,,1052.0,20,0,0,1.901141,0.0,0.0
2024/2025,10/12/2024,41,2024,911,25816,3.528819337,Low,287,12971,2.212628,Low,129,10724,1.202909,Low,,,8391953.0,206.0,,,2.454732528,,,Very Low,,,1046.0,14,0,0,1.338432,0.0,0.0
2024/2025,10/19/2024,42,2024,735,26815,2.74100317,Very Low,277,13486,2.053982,Low,190,10931,1.738176,Low,,,8391953.0,176.0,,,2.097247208,,,Very Low,,,1021.0,7,1,0,0.685602,0.097943,0.0
2024/2025,10/26/2024,43,2024,722,29071,2.483574696,Very Low,354,14599,2.424824,Low,247,12000,2.058333,Low,,,8391953.0,147.0,,,1.751678066,,,Very Low,,,1043.0,11,0,0,1.05465,0.0,0.0
2024/2025,11/02/2024,44,2024,691,30163,2.290886185,Very Low,411,15029,2.734713,Low,321,12460,2.576244,Low,,,8391953.0,121.0,9.0,9.0,1.441857456,0.1072455959,0.1072455959,Very Low,Very Low,Very Low,1070.0,6,1,0,0.560748,0.093458,0.0
2024/2025,11/09/2024,45,2024,619,29878,2.071758485,Very Low,521,16360,3.184597,Low,453,13585,3.33456,Low,,,8391953.0,174.0,37.0,36.0,2.073414853,0.4408985608,0.4289823835,Very Low,Very Low,Very Low,1019.0,8,1,1,0.785083,0.098135,0.098135
2024/2025,11/16/2024,46,2024,581,24960,2.327724359,Very Low,823,17055,4.825564,Low,644,14225,4.527241,Moderate,,,8391953.0,175.0,71.0,55.0,2.085331031,0.8460485896,0.6553897525,Very Low,Very Low,Low,1051.0,7,1,0,0.666032,0.095147,0.0
2024/2025,11/23/2024,47,2024,533,26857,1.984585024,Very Low,1088,18740,5.805763,Low,853,15692,5.435891,Moderate,,,8391953.0,165.0,106.0,73.0,1.966169258,1.263114796,0.8698809443,Very Low,Low,Low,1101.0,7,5,1,0.635786,0.454133,0.090827
2024/2025,11/30/2024,48,2024,418,25042,1.669195751,Very Low,1282,17005,7.538959,Low,1146,14391,7.96331,High,,,8391953.0,134.0,82.0,96.0,1.596767761,0.9771265402,1.143953023,Very Low,Very Low,Low,1151.0,6,1,0,0.521286,0.086881,0.0
2024/2025,12/07/2024,49,2024,527,30712,1.715941652,Very Low,2139,20958,10.206127,Moderate,1386,17295,8.013877,High,,,8391953.0,132.0,199.0,134.0,1.572935406,2.371319286,1.596767761,Very Low,Low,Moderate,1103.0,16,1,1,1.450589,0.090662,0.090662
2024/2025,12/14/2024,50,2024,563,32365,1.739533447,Very Low,3289,22450,14.650334,Moderate,1805,18845,9.578137,High,,,8391953.0,120.0,234.0,136.0,1.429941278,2.788385493,1.620600115,Very Low,Low,Moderate,1185.0,9,7,1,0.759494,0.590717,0.084388
2024/2025,12/21/2024,51,2024,689,35987,1.914580265,Very Low,6196,27220,22.762675,Very High,2591,22579,11.475265,Very High,,,8391953.0,137.0,396.0,198.0,1.632516293,4.718806218,2.359403109,Very Low,Moderate,High,1125.0,7,5,0,0.622222,0.444444,0.0
2024/2025,12/28/2024,52,2024,731,35968,2.0323621,Very Low,8060,28736,28.048441,Very High,2651,23610,11.228293,Very High,,,16783906.0,142.0,660.0,248.0,0.8460485896,3.932338515,1.477605988,Very Low,Low,Low,1159.0,9,6,0,0.776531,0.517688,0.0
2024/2025,12/28/2024,53,2024,784,36697,2.136414421,Very Low,7886,29134,27.06803,Very High,2610,24279,10.750031,Very High,,,16783906.0,170.0,688.0,268.0,1.012875072,4.099164998,1.596767761,Very Low,Moderate,Moderate,1152.0,10,11,3,0.825011,0.911854,0.217108
2024/2025,01/04/2025,1,2025,817,37402,2.184375167,Very Low,7692,29508,26.067507,Very High,2555,24925,10.250752,Very High,,,8391953.0,198.0,714.0,287.0,2.359403109,8.508150606,3.419942891,Very Low,High,Very High,1144.0,10,15,5,0.874126,1.311189,0.437063
2024/2025,01/11/2025,2,2025,850,39921,2.12920518,Very Low,8596,32179,26.713074,Very High,2283,26597,8.583675,High,,,8391953.0,130.0,597.0,245.0,1.549103051,7.113957859,2.919463443,Very Low,High,High,1264.0,10,29,0,0.791139,2.294304,0.0
2024/2025,01/18/2025,3,2025,836,40506,2.063891769,Very Low,10036,31422,31.939406,Very High,1921,25729,7.466283,High,,,8391953.0,169.0,723.0,230.0,2.013833967,8.615396202,2.740720783,Very Low,High,High,1240.0,11,15,4,0.887097,1.209677,0.322581
2024/2025,01/25/2025,4,2025,897,42246,2.123277944,Very Low,12160,33673,36.112019,Very High,1767,27162,6.505412,Moderate,,,8391953.0,148.0,860.0,189.0,1.763594243,10.24791249,2.252157513,Very Low,Very High,High,1162.0,8,29,5,0.688468,2.495697,0.430293
2024/2025,02/01/2025,5,2025,909,44180,2.057492078,Very Low,14730,38549,38.211108,Very High,1615,30957,5.216914,Moderate,,,8391953.0,168.0,1019.0,204.0,2.00191779,12.14258469,2.430900173,Very Low,Very High,High,1329.0,11,41,6,0.82769,3.085026,0.451467
2024/2025,02/08/2025,6,2025,1075,45084,2.384437938,Very Low,13891,38500,36.080519,Very High,1579,31210,5.059276,Moderate,,,8391953.0,162.0,900.0,165.0,1.930420726,10.72455959,1.966169258,Very Low,Very High,Moderate,1276.0,11,38,2,0.862069,2.978056,0.15674
2024/2025,02/15/2025,7,2025,745,42455,1.754799199,Very Low,11017,35877,30.707696,Very High,1310,28375,4.61674,Moderate,,,8391953.0,140.0,707.0,141.0,1.668264825,8.424737364,1.680181002,Very Low,High,Moderate,1249.0,7,30,7,0.560448,2.401922,0.560448
2024/2025,02/22/2025,8,2025,603,38756,1.55588812,Very Low,8229,31933,25.76958,Very High,1113,25470,4.369847,Moderate,,,8391953.0,105.0,602.0,132.0,1.251198618,7.173538746,1.572935406,Very Low,High,Moderate,1258.0,13,28,7,1.033386,2.225755,0.556439
2024/2025,03/01/2025,9,2025,593,34843,1.701920041,Very Low,5847,28169,20.75686,High,948,22760,4.165202,Moderate,,,8391953.0,95.0,439.0,103.0,1.132036845,5.231201843,1.227366264,Very Low,Moderate,Low,1196.0,5,28,5,0.41806,2.341137,0.41806
2024/2025,03/08/2025,10,2025,521,30629,1.701002318,Very Low,4021,24064,16.709608,High,712,19764,3.60251,Low,,,8391953.0,94.0,250.0,75.0,1.120120668,2.97904433,0.8937132989,Very Low,Low,Low,1126.0,6,14,1,0.53286,1.243339,0.08881
2024/2025,03/15/2025,11,2025,683,30649,2.228457699,Very Low,3522,23672,14.878337,Moderate,567,19537,2.902186,Low,,,8391953.0,98.0,212.0,80.0,1.167785377,2.526229592,0.9532941855,Very Low,Low,Low,1133.0,6,8,1,0.529568,0.70609,0.088261
2024/2025,03/22/2025,12,2025,609,30572,1.992018841,Very Low,3322,22944,14.478731,Moderate,445,18758,2.372321,Low,,,8391953.0,97.0,160.0,72.0,1.1558692,1.906588371,0.857964767,Very Low,Low,Low,1139.0,14,8,3,1.229148,0.702371,0.263389
2024/2025,03/29/2025,13,2025,605,29271,2.066892146,Very Low,3400,22089,15.392277,High,339,17870,1.897034,Low,,,8391953.0,109.0,127.0,45.0,1.298863328,1.51335452,0.5362279794,Very Low,Low,Low,1133.0,3,11,2,0.264784,0.970874,0.176523
2024/2025,04/05/2025,14,2025,521,27015,1.928558208,Very Low,2494,20288,12.292981,Moderate,259,16635,1.556958,Low,,,8391953.0,82.0,94.0,55.0,0.9771265402,1.120120668,0.6553897525,Very Low,Low,Low,1058.0,6,4,3,0.567108,0.378072,0.283554
2024/2025,04/12/2025,15,2025,547,28731,1.903866903,Very Low,2414,19828,12.174702,Moderate,193,16325,1.182236,Low,,,8391953.0,112.0,84.0,41.0,1.33461186,1.000958895,0.4885632701,Very Low,Low,Very Low,1109.0,5,1,0,0.450857,0.090171,0.0
2024/2025,04/19/2025,16,2025,511,26243,1.947185916,Very Low,1811,18370,9.858465,Moderate,127,15099,0.841115,Very Low,,,8391953.0,102.0,78.0,23.0,1.215450087,0.9294618309,0.2740720783,Very Low,Very Low,Very Low,1013.0,6,4,4,0.5923,0.394867,0.394867
2024/2025,04/26/2025,17,2025,517,25884,1.997372895,Very Low,1510,17740,8.511838,Low,116,14690,0.789653,Very Low,,,8391953.0,101.0,63.0,24.0,1.203533909,0.7507191711,0.2859882557,Very Low,Very Low,Very Low,1084.0,4,2,0,0.369004,0.184502,0.0
2024/2025,05/03/2025,18,2025,590,24450,2.413087935,Very Low,1176,14804,7.943799,Low,78,11955,0.652447,Very Low,,,8391953.0,88.0,80.0,14.0,1.048623604,0.9532941855,0.1668264825,Very Low,Very Low,Very Low,1078.0,10,1,0,0.927644,0.092764,0.0
2024/2025,05/10/2025,19,2025,902,22413,4.024450096,Low,825,11573,7.128662,Low,49,8774,0.558468,Very Low,,,8391953.0,100.0,40.0,9.0,1.191617732,0.4766470928,0.1072455959,Very Low,Very Low,Very Low,1133.0,4,1,0,0.353045,0.088261,0.0
2024/2025,05/17/2025,20,2025,698,21869,3.191732589,Low,726,11244,6.456777,Low,46,8614,0.534014,Very Low,,,8391953.0,116.0,30.0,9.0,1.382276569,0.3574853196,0.1072455959,Very Low,Very Low,Very Low,1066.0,5,2,0,0.469043,0.187617,0.0
2024/2025,05/24/2025,21,2025,760,21929,3.465730312,Low,828,10552,7.846854,Low,33,8071,0.408871,Very Low,,,8391953.0,140.0,39.0,9.0,1.668264825,0.4647309154,0.1072455959,Very Low,Very Low,Very Low,1001.0,2,1,1,0.1998,0.0999,0.0999
2024/2025,05/31/2025,22,2025,745,18911,3.939506108,Low,745,9482,7.856992,Low,22,7232,0.304204,Very Low,,,8391953.0,154.0,40.0,3.0,1.835091307,0.4766470928,0.03574853196,Very Low,Very Low,Very Low,1066.0,6,2,0,0.562852,0.187617,0.0
2024/2025,06/07/2025,23,2025,880,19146,4.596260316,Low,577,9302,6.202967,Low,14,7088,0.197517,Very Low,,,8391953.0,141.0,27.0,3.0,1.680181002,0.3217367876,0.03574853196,Very Low,Very Low,Very Low,1012.0,6,3,1,0.592885,0.296443,0.098814
2024/2025,06/14/2025,24,2025,856,19336,4.42697559,Low,349,8648,4.035615,Low,17,6692,0.254035,Very Low,,,8391953.0,157.0,20.0,3.0,1.870839839,0.2383235464,0.03574853196,Very Low,Very Low,Very Low,1001.0,4,1,1,0.3996,0.0999,0.0999
2024/2025,06/21/2025,25,2025,866,18552,4.667960328,Low,271,8130,3.333333,Low,17,6232,0.272786,Very Low,,,8391953.0,180.0,24.0,4.0,2.144911917,0.2859882557,0.04766470928,Very Low,Very Low,Very Low,1056.0,13,0,0,1.231061,0.0,0.0
2024/2025,06/28/2025,26,2025,1036,20102,5.153716048,Low,210,7802,2.691618,Low,10,6006,0.1665,Very Low,,,8391953.0,164.0,13.0,4.0,1.95425308,0.1549103051,0.04766470928,Very Low,Very Low,Very Low,1056.0,11,2,0,1.041667,0.189394,0.0
2025/2026,07/05/2025,27,2025,1019,18737,5.438437317,Low,165,7090,2.327221,Low,11,5488,0.200437,Very Low,87.0,48.0,8398557.0,204.0,11.0,2.0,2.428988694,0.1309748806,0.02381361465,Very Low,Very Low,Very Low,1059.0,10,0,0,0.944287,0.0,0.0
2025/2026,07/12/2025,28,2025,1322,18285,7.229969921,Low,138,7115,1.939564,Very Low,9,5487,0.164024,Very Low,63.0,45.0,8398557.0,216.0,24.0,3.0,2.571870382,0.2857633758,0.03572042197,Very Low,Very Low,Very Low,1046.0,8,1,0,0.764818,0.095602,0.0
2025/2026,07/19/2025,29,2025,1417,18248,7.765234546,Low,104,6818,1.525374,Very Low,13,5247,0.247761,Very Low,53.0,22.0,8398557.0,193.0,7.0,1.0,2.298013814,0.08334765127,0.01190680732,Very Low,Very Low,Very Low,999.0,4,0,0,0.4004,0.0,0.0
2025/2026,07/26/2025,30,2025,1546,18746,8.247092713,Moderate,112,6640,1.686747,Very Low,7,5054,0.138504,Very Low,58.0,19.0,8398557.0,220.0,10.0,8.0,2.619497611,0.1190680732,0.09525445859,Very Low,Very Low,Very Low,1013.0,10,0,0,0.987167,0.0,0.0
2025/2026,08/02/2025,31,2025,1767,19205,9.200728977,Moderate,95,6915,1.373825,Very Low,10,5473,0.182715,Very Low,59.0,10.0,8398557.0,261.0,12.0,3.0,3.107676712,0.1428816879,0.03572042197,Low,Very Low,Very Low,1062.0,9,0,0,0.847458,0.0,0.0
2025/2026,08/09/2025,32,2025,2184,19244,11.34899189,Moderate,118,6765,1.744272,Very Low,17,5147,0.330289,Very Low,68.0,17.0,8398557.0,302.0,9.0,3.0,3.595855812,0.1071612659,0.03572042197,Low,Very Low,Very Low,1137.0,8,1,0,0.703606,0.087951,0.0
2025/2026,08/16/2025,33,2025,2299,19156,12.00146168,Moderate,126,7134,1.76619,Very Low,19,5393,0.352309,Very Low,90.0,7.0,8398557.0,307.0,12.0,4.0,3.655389849,0.1428816879,0.0476272293,Low,Very Low,Very Low,1046.0,15,0,0,1.434034,0.0,0.0
2025/2026,08/23/2025,34,2025,2647,20373,12.9926864,Moderate,117,8229,1.421801,Very Low,21,6200,0.33871,Very Low,70.0,4.0,8398557.0,413.0,11.0,4.0,4.917511425,0.1309748806,0.0476272293,Low,Very Low,Very Low,965.0,13,0,0,1.34715,0.0,0.0
2025/2026,08/30/2025,35,2025,2759,20241,13.63074947,High,124,8737,1.419251,Very Low,18,6656,0.270433,Very Low,77.0,11.0,8398557.0,390.0,12.0,1.0,4.643654856,0.1428816879,0.01190680732,Low,Very Low,Very Low,983.0,22,1,0,2.238047,0.101729,0.0
2025/2026,09/06/2025,36,2025,2402,19469,12.33756228,Moderate,117,8666,1.350104,Very Low,24,6781,0.35393,Very Low,77.0,10.0,8398557.0,420.0,14.0,2.0,5.000859076,0.1666953025,0.02381361465,Low,Very Low,Very Low,942.0,13,0,0,1.380042,0.0,0.0
2025/2026,09/13/2025,37,2025,1856,18586,9.986010976,Moderate,139,8481,1.638958,Very Low,33,6510,0.506912,Very Low,95.0,12.0,8398557.0,396.0,14.0,6.0,4.7150957,0.1666953025,0.07144084394,Low,Very Low,Very Low,1026.0,10,0,0,0.974659,0.0,0.0
2025/2026,09/20/2025,38,2025,1456,18488,7.875378624,Low,139,8299,1.674901,Very Low,50,6326,0.790389,Very Low,102.0,9.0,8398557.0,293.0,13.0,9.0,3.488694546,0.1547884952,0.1071612659,Low,Very Low,Very Low,1037.0,14,0,1,1.350048,0.0,0.096432
2025/2026,09/27/2025,39,2025,1067,17896,5.962226196,Low,146,8671,1.683773,Very Low,43,6329,0.679412,Very Low,108.0,7.0,8398557.0,246.0,16.0,2.0,2.929074602,0.1905089172,0.02381361465,Very Low,Very Low,Very Low,1027.0,20,0,0,1.94742,0.0,0.0
2025/2026,10/04/2025,40,2025,777,17035,4.561197534,Low,160,10707,1.494349,Very Low,59,8507,0.693546,Very Low,92.0,22.0,8398557.0,209.0,10.0,4.0,2.488522731,0.1190680732,0.0476272293,Very Low,Very Low,Very Low,979.0,11,0,0,1.123596,0.0,0.0
2025/2026,10/11/2025,41,2025,611,17564,3.478706445,Low,183,12774,1.432597,Very Low,101,10699,0.944013,Very Low,140.0,11.0,8398557.0,146.0,9.0,10.0,1.738393869,0.1071612659,0.1190680732,Very Low,Very Low,Very Low,1022.0,12,1,0,1.174168,0.097847,0.0
2025/2026,10/18/2025,42,2025,434,18338,2.366670302,Very Low,181,13038,1.38825,Very Low,93,10854,0.856827,Very Low,130.0,4.0,8398557.0,114.0,19.0,11.0,1.357376035,0.2262293392,0.1309748806,Very Low,Very Low,Very Low,998.0,5,1,2,0.501002,0.1002,0.200401
2025/2026,10/25/2025,43,2025,379,19258,1.968013293,Very Low,214,13829,1.547473,Very Low,162,11516,1.406738,Low,151.0,14.0,8398557.0,104.0,17.0,6.0,1.238307962,0.2024157245,0.07144084394,Very Low,Very Low,Very Low,1047.0,10,0,1,0.95511,0.0,0.095511
2025/2026,11/01/2025,44,2025,305,18422,1.655629139,Very Low,208,13519,1.538575,Very Low,166,11442,1.450795,Low,159.0,7.0,8398557.0,92.0,26.0,16.0,1.095426274,0.3095769904,0.1905089172,Very Low,Very Low,Very Low,996.0,4,1,0,0.401606,0.100402,0.0
2025/2026,11/08/2025,45,2025,217,19654,1.104100946,Very Low,309,14587,2.118325,Low,247,12062,2.047753,Low,242.0,4.0,8398557.0,62.0,15.0,21.0,0.7382220541,0.1786021099,0.2500429538,Very Low,Very Low,Very Low,1062.0,3,1,0,0.282486,0.094162,0.0
2025/2026,11/15/2025,46,2025,178,18578,0.9581225105,Very Low,331,14757,2.243003,Low,274,12183,2.249036,Low,259.0,7.0,8398557.0,34.0,26.0,30.0,0.404831449,0.3095769904,0.3572042197,Very Low,Very Low,Very Low,1091.0,3,1,1,0.274977,0.091659,0.091659
2025/2026,11/22/2025,47,2025,159,18932,0.8398478766,Very Low,311,14874,2.090897,Low,336,12229,2.747567,Low,266.0,10.0,8398557.0,44.0,22.0,32.0,0.5238995223,0.2619497611,0.3810178344,Very Low,Very Low,Very Low,1073.0,5,0,0,0.465983,0.0,0.0
2025/2026,11/29/2025,48,2025,137,16864,0.8123814042,Very Low,442,14004,3.156241,Low,365,11663,3.129555,Low,391.0,7.0,8398557.0,27.0,47.0,30.0,0.3214837978,0.5596199442,0.3572042197,Very Low,Very Low,Very Low,1080.0,0,2,1,0.0,0.185185,0.092593
2025/2026,12/06/2025,49,2025,168,20879,0.8046362374,Very Low,790,16894,4.676216,Low,445,13948,3.190422,Low,671.0,26.0,8398557.0,40.0,59.0,52.0,0.476272293,0.7025016321,0.6191539809,Very Low,Very Low,Low,1129.0,4,5,0,0.354296,0.44287,0.0
2025/2026,12/13/2025,50,2025,178,21742,0.8186919327,Very Low,1509,17280,8.732639,Low,577,13991,4.12408,Moderate,1317.0,29.0,8398557.0,49.0,88.0,56.0,0.5834335589,1.047799045,0.6667812102,Very Low,Low,Low,1175.0,1,1,2,0.085106,0.085106,0.170213
2025/2026,12/20/2025,51,2025,206,24592,0.8376707872,Very Low,3114,20517,15.177658,High,826,16563,4.987019,Moderate,2712.0,63.0,8398557.0,47.0,186.0,82.0,0.5596199442,2.214666162,0.9763582006,Very Low,Low,Low,1133.0,6,3,1,0.529568,0.264784,0.088261
2025/2026,12/27/2025,52,2025,212,23117,0.9170740148,Very Low,3865,20524,18.831612,High,1018,16762,6.073261,Moderate,3475.0,57.0,8398557.0,61.0,326.0,112.0,0.7263152468,3.881619188,1.33356242,Very Low,Low,Low,1083.0,1,6,0,0.092336,0.554017,0.0
2025/2026,01/03/2026,53,2025,220,24651,0.8924587238,Very Low,3276,21418,15.295546,High,1103,17630,6.256381,Moderate,2933.0,59.0,8398557.0,47.0,385.0,178.0,0.5596199442,4.58412082,2.119411704,Very Low,Moderate,High,1210.0,6,7,4,0.495868,0.578512,0.330579
2025/2026,01/10/2026,1,2026,216,25468,0.8481231349,Very Low,3191,21240,15.02354,High,1009,17192,5.869009,Moderate,2773.0,78.0,8398557.0,43.0,367.0,169.0,0.5119927149,4.369798288,2.012250438,Very Low,Moderate,High,1204.0,3,11,5,0.249169,0.913621,0.415282
2025/2026,01/17/2026,2,2026,182,25457,0.7149310602,Very Low,3460,20885,16.566914,High,1026,16823,6.098793,Moderate,2953.0,108.0,8398557.0,46.0,312.0,155.0,0.5477131369,3.714923885,1.845555135,Very Low,Low,Moderate,1222.0,2,11,2,0.163666,0.900164,0.163666
2025/2026,01/24/2026,3,2026,158,21154,0.7469036589,Very Low,3984,20997,18.974139,High,1144,17048,6.710465,Moderate,3322.0,158.0,8398557.0,41.0,297.0,157.0,0.4881791003,3.536321775,1.86936875,Very Low,Low,Moderate,1169.0,3,18,2,0.25663,1.539778,0.171086
2025/2026,01/31/2026,4,2026,174,21801,0.7981285262,Very Low,4159,21798,19.079732,High,1245,17406,7.152706,High,3428.0,206.0,8398557.0,34.0,322.0,187.0,0.404831449,3.833991958,2.22657297,Very Low,Low,High,1124.0,1,10,7,0.088968,0.88968,0.622776
2025/2026,02/07/2026,5,2026,204,23569,0.8655437227,Very Low,4206,22469,18.719124,High,1220,17993,6.780415,Moderate,3349.0,303.0,8398557.0,49.0,326.0,161.0,0.5834335589,3.881619188,1.916995979,Very Low,Low,Moderate,1090.0,1,9,2,0.091743,0.825688,0.183486
2025/2026,02/14/2026,6,2026,168,23205,0.7239819005,Very Low,3451,21191,16.285215,High,1140,16967,6.718925,Moderate,2649.0,402.0,8398557.0,33.0,296.0,166.0,0.3929246417,3.524414968,1.976530016,Very Low,Low,Moderate,722.0,1,7,4,0.138504,0.969529,0.554017
2025/2026,02/21/2026,7,2026,129,20264,0.6365969206,Very Low,2542,19212,13.231314,Moderate,1015,15378,6.600338,Moderate,1839.0,380.0,8398557.0,34.0,198.0,146.0,0.404831449,2.35754785,1.738393869,Very Low,Low,Moderate,216.0,0,2,0,0.0,0.925926,0.0
